NAME,ROLL_NO,MARKS,AVERAGE,TOTAL,GRADE
Maryam Imran,12,[90 98 97 96 95 94],95.0,570,A
Hira Fatima,3,[92 92 69 80 91 93],86.16666666666667,517,B
Eman,9,[78 79 76 75 74 73],75.83333333333333,455,C
Abdullah,10,[50 59 58 57 56 55],55.833333333333336,335,F
Tahreem,11,[87 86 85 84 83 82],84.5,507,B
Noor,12,[71 72 73 74 75 76],73.5,441,C
Arslan,13,[60 69 61 62 64 65],63.5,381,D
Mehmad,14,[50 56 54 52 51 53],52.666666666666664,316,F
Usama,15,[45 48 49 40 41 48],45.166666666666664,271,C
